epoch,lr,train_accuracy,train_macro_f1,train_cohen_kappa,train_weighted_kappa,train_precision_c0,train_recall_c0,train_f1_c0,train_support_c0,train_precision_c1,train_recall_c1,train_f1_c1,train_support_c1,train_precision_c2,train_recall_c2,train_f1_c2,train_support_c2,train_precision_c3,train_recall_c3,train_f1_c3,train_support_c3,train_precision_c4,train_recall_c4,train_f1_c4,train_support_c4,train_loss,val_accuracy,val_macro_f1,val_cohen_kappa,val_weighted_kappa,val_precision_c0,val_recall_c0,val_f1_c0,val_support_c0,val_precision_c1,val_recall_c1,val_f1_c1,val_support_c1,val_precision_c2,val_recall_c2,val_f1_c2,val_support_c2,val_precision_c3,val_recall_c3,val_f1_c3,val_support_c3,val_precision_c4,val_recall_c4,val_f1_c4,val_support_c4,val_loss,is_best
1,2.125e-05,0.208955223880597,0.10821428571428571,-0.008233957978421191,-0.010973936899862924,0.25,0.21052631578947367,0.22857142857142856,19,0.19607843137254902,0.7692307692307693,0.3125,13,0.0,0.0,0.0,9,0.0,0.0,0.0,15,0.0,0.0,0.0,11,0.745913066792844,0.21212121212121213,0.06999999999999999,0.0,0.0,0.21212121212121213,1.0,0.35,7,0.0,0.0,0.0,9,0.0,0.0,0.0,5,0.0,0.0,0.0,6,0.0,0.0,0.0,6,0.704384852178169,True
2,3.25e-05,0.19402985074626866,0.065,0.0,0.0,0.0,0.0,0.0,19,0.19402985074626866,1.0,0.325,13,0.0,0.0,0.0,9,0.0,0.0,0.0,15,0.0,0.0,0.0,11,0.6991029500961303,0.21212121212121213,0.06999999999999999,0.0,0.0,0.21212121212121213,1.0,0.35,7,0.0,0.0,0.0,9,0.0,0.0,0.0,5,0.0,0.0,0.0,6,0.0,0.0,0.0,6,0.7035406371559759,False
3,4.375e-05,0.19402985074626866,0.065,0.0,0.0,0.0,0.0,0.0,19,0.19402985074626866,1.0,0.325,13,0.0,0.0,0.0,9,0.0,0.0,0.0,15,0.0,0.0,0.0,11,0.6747443313029275,0.21212121212121213,0.06999999999999999,0.0,0.0,0.21212121212121213,1.0,0.35,7,0.0,0.0,0.0,9,0.0,0.0,0.0,5,0.0,0.0,0.0,6,0.0,0.0,0.0,6,0.7196300415077594,False
4,5.4999999999999995e-05,0.16417910447761194,0.09388209121245829,-0.012412304371289817,-0.05538053390814146,0.0,0.0,0.0,19,0.17777777777777778,0.6153846153846154,0.27586206896551724,13,0.13636363636363635,0.3333333333333333,0.1935483870967742,9,0.0,0.0,0.0,15,0.0,0.0,0.0,11,0.6617821606237497,0.21212121212121213,0.06999999999999999,0.0,0.0,0.21212121212121213,1.0,0.35,7,0.0,0.0,0.0,9,0.0,0.0,0.0,5,0.0,0.0,0.0,6,0.0,0.0,0.0,6,0.7385226589260679,False
5,6.625e-05,0.11940298507462686,0.043243243243243246,-0.019339865910263043,0.0010166045408335211,0.0,0.0,0.0,19,0.0,0.0,0.0,13,0.12307692307692308,0.8888888888888888,0.21621621621621623,9,0.0,0.0,0.0,15,0.0,0.0,0.0,11,0.6584145802170484,0.30303030303030304,0.21634615384615383,0.14814814814814814,0.13689482470784642,0.0,0.0,0.0,7,0.0,0.0,0.0,9,0.0,0.0,0.0,5,0.19230769230769232,0.8333333333333334,0.3125,6,0.7142857142857143,0.8333333333333334,0.7692307692307693,6,0.7592442734072907,True
6,7.75e-05,0.13432835820895522,0.047368421052631574,0.0,0.0,0.0,0.0,0.0,19,0.0,0.0,0.0,13,0.13432835820895522,1.0,0.23684210526315788,9,0.0,0.0,0.0,15,0.0,0.0,0.0,11,0.6510502148030409,0.24242424242424243,0.07804878048780488,-0.037735849056603765,-0.04160688665710177,0.0,0.0,0.0,7,0.25,0.8888888888888888,0.3902439024390244,9,0.0,0.0,0.0,5,0.0,0.0,0.0,6,0.0,0.0,0.0,6,0.7175770138249252,False
7,8.875e-05,0.1791044776119403,0.10827679782903663,0.042857142857142816,0.08374134729022453,0.0,0.0,0.0,19,0.3333333333333333,0.23076923076923078,0.2727272727272727,13,0.15517241379310345,1.0,0.26865671641791045,9,0.0,0.0,0.0,15,0.0,0.0,0.0,11,0.6380214504341581,0.24242424242424243,0.11004784688995214,0.03395784543325531,0.014177215189873582,0.22580645161290322,1.0,0.3684210526315789,7,0.5,0.1111111111111111,0.18181818181818182,9,0.0,0.0,0.0,5,0.0,0.0,0.0,6,0.0,0.0,0.0,6,0.6960576011676981,False
8,0.0001,0.2835820895522388,0.18464649017501739,0.13780160857908852,0.31156778256546247,0.0,0.0,0.0,19,0.3333333333333333,0.9230769230769231,0.4897959183673469,13,0.20689655172413793,0.6666666666666666,0.3157894736842105,9,0.5,0.06666666666666667,0.11764705882352941,15,0.0,0.0,0.0,11,0.5769134560627723,0.24242424242424243,0.1250836120401338,0.0060240963855420215,0.11219232970807091,0.3684210526315789,1.0,0.5384615384615384,7,0.07142857142857142,0.1111111111111111,0.08695652173913043,9,0.0,0.0,0.0,5,0.0,0.0,0.0,6,0.0,0.0,0.0,6,0.6826630255188605,False
9,9.998052800596113e-05,0.5074626865671642,0.43630972044035066,0.37187500000000007,0.6645066273932254,0.6666666666666666,0.5263157894736842,0.5882352941176471,19,0.3888888888888889,0.5384615384615384,0.45161290322580644,13,0.5,0.5555555555555556,0.5263157894736842,9,0.5,0.8,0.6153846153846154,15,0.0,0.0,0.0,11,0.4942098299069191,0.21212121212121213,0.06999999999999999,0.0,0.0,0.21212121212121213,1.0,0.35,7,0.0,0.0,0.0,9,0.0,0.0,0.0,5,0.0,0.0,0.0,6,0.0,0.0,0.0,6,0.917875595887502,False
10,9.992212734338192e-05,0.6119402985074627,0.5036041477901942,0.4930151338766007,0.7560224089635854,0.68,0.8947368421052632,0.7727272727272727,19,0.5,0.3076923076923077,0.38095238095238093,13,0.8333333333333334,0.5555555555555556,0.6666666666666666,9,0.5357142857142857,1.0,0.6976744186046512,15,0.0,0.0,0.0,11,0.42962659775321166,0.18181818181818182,0.06315789473684211,0.0011210762331838042,-0.025594149908592323,0.0,0.0,0.0,7,0.0,0.0,0.0,9,0.0,0.0,0.0,5,0.1875,1.0,0.3157894736842105,6,0.0,0.0,0.0,6,1.114344047657167,False
11,9.982484395882215e-05,0.7164179104477612,0.7085036255767962,0.6341954022988506,0.8247280737987057,0.6818181818181818,0.7894736842105263,0.7317073170731707,19,0.5454545454545454,0.46153846153846156,0.5,13,1.0,0.7777777777777778,0.875,9,0.6818181818181818,1.0,0.8108108108108109,15,1.0,0.45454545454545453,0.625,11,0.3808455913814146,0.2727272727272727,0.18588779641411218,0.06272189349112423,0.23688663282571898,0.3684210526315789,1.0,0.5384615384615384,7,0.1,0.1111111111111111,0.10526315789473684,9,0.0,0.0,0.0,5,0.0,0.0,0.0,6,1.0,0.16666666666666666,0.2857142857142857,6,0.6990384606399922,False
12,9.96887543897155e-05,0.7761194029850746,0.7697648756472286,0.7107081174438687,0.8648648648648649,0.68,0.8947368421052632,0.7727272727272727,19,0.7142857142857143,0.38461538461538464,0.5,13,1.0,0.8888888888888888,0.9411764705882353,9,0.75,1.0,0.8571428571428571,15,1.0,0.6363636363636364,0.7777777777777778,11,0.32032268634482997,0.2727272727272727,0.17888198757763976,0.09174311926605505,0.47985989492119097,0.4375,1.0,0.6086956521739131,7,0.0,0.0,0.0,9,0.2222222222222222,0.4,0.2857142857142857,5,0.0,0.0,0.0,6,0.0,0.0,0.0,6,0.5927613379377308,False
13,9.951396570415405e-05,0.835820895522388,0.8294352055922884,0.7882183908045977,0.9032173342087985,0.6666666666666666,0.9473684210526315,0.782608695652174,19,0.8,0.3076923076923077,0.4444444444444444,13,1.0,1.0,1.0,9,0.9375,1.0,0.967741935483871,15,1.0,0.9090909090909091,0.9523809523809523,11,0.28777556285929323,0.21212121212121213,0.06999999999999999,0.0,0.0,0.21212121212121213,1.0,0.35,7,0.0,0.0,0.0,9,0.0,0.0,0.0,5,0.0,0.0,0.0,6,0.0,0.0,0.0,6,1.317041501402855,False
14,9.930061541665266e-05,0.8507462686567164,0.8478402903811253,0.8083524027459954,0.9120273109243697,0.6923076923076923,0.9473684210526315,0.8,19,0.8333333333333334,0.38461538461538464,0.5263157894736842,13,0.9,1.0,0.9473684210526315,9,1.0,0.9333333333333333,0.9655172413793104,15,1.0,1.0,1.0,11,0.25618274176298683,0.2727272727272727,0.16730769230769232,0.08965517241379295,0.27904667328699106,0.0,0.0,0.0,7,0.42857142857142855,0.3333333333333333,0.375,9,0.0,0.0,0.0,5,0.0,0.0,0.0,6,0.3,1.0,0.46153846153846156,6,1.2131579797677319,False
15,9.904887137995989e-05,0.8955223880597015,0.8952046783625731,0.8656160458452722,0.9385401651159743,0.7307692307692307,1.0,0.8444444444444444,19,1.0,0.46153846153846156,0.631578947368421,13,1.0,1.0,1.0,9,1.0,1.0,1.0,15,1.0,1.0,1.0,11,0.22873143091130613,0.21212121212121213,0.13636363636363638,0.04454342984409798,0.19512195121951215,0.0,0.0,0.0,7,0.5,0.1111111111111111,0.18181818181818182,9,0.0,0.0,0.0,5,0.3333333333333333,1.0,0.5,6,0.0,0.0,0.0,6,1.3251611309220093,False
16,9.875893165300025e-05,0.8805970149253731,0.8763285024154589,0.8461538461538461,0.9300261096605744,0.7037037037037037,1.0,0.8260869565217391,19,1.0,0.38461538461538464,0.5555555555555556,13,1.0,1.0,1.0,9,1.0,1.0,1.0,15,1.0,1.0,1.0,11,0.2068157669323594,0.30303030303030304,0.21918552036199096,0.1650165016501649,0.2959394356503785,0.0,0.0,0.0,7,1.0,0.1111111111111111,0.2,9,0.19047619047619047,0.8,0.3076923076923077,5,0.45454545454545453,0.8333333333333334,0.5882352941176471,6,0.0,0.0,0.0,6,1.2025034148885747,False
17,9.843102434505193e-05,0.8656716417910447,0.8652631578947367,0.8272206303724928,0.920980212291967,0.6923076923076923,0.9473684210526315,0.8,19,0.8333333333333334,0.38461538461538464,0.5263157894736842,13,1.0,1.0,1.0,9,1.0,1.0,1.0,15,1.0,1.0,1.0,11,0.1874244643681085,0.18181818181818182,0.06153846153846154,0.0,0.0,0.0,0.0,0.0,7,0.0,0.0,0.0,9,0.0,0.0,0.0,5,0.0,0.0,0.0,6,0.18181818181818182,1.0,0.3076923076923077,6,2.5223690548027404,False
18,9.806540743628242e-05,0.8507462686567164,0.8545454545454545,0.8083524027459954,0.9118652986056301,0.68,0.8947368421052632,0.7727272727272727,19,0.7142857142857143,0.38461538461538464,0.5,13,1.0,1.0,1.0,9,1.0,1.0,1.0,15,1.0,1.0,1.0,11,0.16958170929061833,0.2727272727272727,0.15478927203065135,0.05601907032181164,0.30379746835443033,0.5,0.14285714285714285,0.2222222222222222,7,0.4,0.8888888888888888,0.5517241379310345,9,0.0,0.0,0.0,5,0.0,0.0,0.0,6,0.0,0.0,0.0,6,1.0549139650181087,False
19,9.766236857478335e-05,0.8507462686567164,0.8614718614718615,0.8090079817559863,0.9111876988335101,0.6956521739130435,0.8421052631578947,0.7619047619047619,19,0.6666666666666666,0.46153846153846156,0.5454545454545454,13,1.0,1.0,1.0,9,1.0,1.0,1.0,15,1.0,1.0,1.0,11,0.15380365777371535,0.18181818181818182,0.06153846153846154,0.0,0.0,0.0,0.0,0.0,7,0.0,0.0,0.0,9,0.0,0.0,0.0,5,0.0,0.0,0.0,6,0.18181818181818182,1.0,0.3076923076923077,6,2.3735556955515134,False
20,9.722222485026419e-05,0.8507462686567164,0.8454106280193237,0.8076923076923077,0.912532637075718,0.6666666666666666,0.9473684210526315,0.782608695652174,19,0.8,0.3076923076923077,0.4444444444444444,13,1.0,1.0,1.0,9,1.0,1.0,1.0,15,1.0,1.0,1.0,11,0.15452593360374223,0.21212121212121213,0.06999999999999999,0.0,0.0,0.21212121212121213,1.0,0.35,7,0.0,0.0,0.0,9,0.0,0.0,0.0,5,0.0,0.0,0.0,6,0.0,0.0,0.0,6,1.7045308249165314,False
21,9.674532254458269e-05,0.8656716417910447,0.8652631578947367,0.8272206303724928,0.920980212291967,0.6923076923076923,0.9473684210526315,0.8,19,0.8333333333333334,0.38461538461538464,0.5263157894736842,13,1.0,1.0,1.0,9,1.0,1.0,1.0,15,1.0,1.0,1.0,11,0.13860267360708606,0.30303030303030304,0.1875,0.06756756756756743,0.15167095115681228,0.5555555555555556,0.7142857142857143,0.625,7,0.21739130434782608,0.5555555555555556,0.3125,9,0.0,0.0,0.0,5,0.0,0.0,0.0,6,0.0,0.0,0.0,6,1.5830748505664594,False
22,9.623203685930869e-05,0.8656716417910447,0.8778366914103923,0.8284006829823563,0.9197604790419162,0.7272727272727273,0.8421052631578947,0.7804878048780488,19,0.7,0.5384615384615384,0.6086956521739131,13,1.0,1.0,1.0,9,1.0,1.0,1.0,15,1.0,1.0,1.0,11,0.12825885726444758,0.21212121212121213,0.1,-0.02877697841726623,0.09411764705882353,0.3333333333333333,1.0,0.5,7,0.0,0.0,0.0,9,0.0,0.0,0.0,5,0.0,0.0,0.0,6,0.0,0.0,0.0,6,1.693111244235376,False
23,9.568277162053529e-05,0.8656716417910447,0.8652631578947367,0.8272206303724928,0.920980212291967,0.6923076923076923,0.9473684210526315,0.8,19,0.8333333333333334,0.38461538461538464,0.5263157894736842,13,1.0,1.0,1.0,9,1.0,1.0,1.0,15,1.0,1.0,1.0,11,0.1183896150829187,0.18181818181818182,0.06153846153846154,0.0,0.0,0.0,0.0,0.0,7,0.0,0.0,0.0,9,0.0,0.0,0.0,5,0.0,0.0,0.0,6,0.18181818181818182,1.0,0.3076923076923077,6,2.2364539711689106,False
24,9.509795896116975e-05,0.8656716417910447,0.8724252491694351,0.8278126784694461,0.9203750165060082,0.7083333333333334,0.8947368421052632,0.7906976744186046,19,0.75,0.46153846153846156,0.5714285714285714,13,1.0,1.0,1.0,9,1.0,1.0,1.0,15,1.0,1.0,1.0,11,0.11052492036303478,0.5454545454545454,0.5251508295625943,0.4316877152698049,0.6577181208053692,0.5,0.42857142857142855,0.46153846153846156,7,0.42857142857142855,0.3333333333333333,0.375,9,0.7142857142857143,1.0,0.8333333333333334,5,0.5454545454545454,1.0,0.7058823529411765,6,0.5,0.16666666666666666,0.25,6,0.52056594511701,True
25,9.447805898095418e-05,0.9104477611940298,0.9127272727272727,0.8850114416475973,0.9471191791633781,0.76,1.0,0.8636363636363636,19,1.0,0.5384615384615384,0.7,13,1.0,1.0,1.0,9,1.0,1.0,1.0,15,1.0,1.0,1.0,11,0.10268614877070954,0.2727272727272727,0.23141186299081035,0.07584597432905482,0.4996967859308672,0.45454545454545453,0.7142857142857143,0.5555555555555556,7,0.3,0.3333333333333333,0.3157894736842105,9,0.0,0.0,0.0,5,0.0,0.0,0.0,6,1.0,0.16666666666666666,0.2857142857142857,6,1.0727216508051363,False
26,9.382355938448331e-05,0.8805970149253731,0.8891774891774892,0.8472063854047891,0.9289501590668081,0.7391304347826086,0.8947368421052632,0.8095238095238095,19,0.7777777777777778,0.5384615384615384,0.6363636363636364,13,1.0,1.0,1.0,9,1.0,1.0,1.0,15,1.0,1.0,1.0,11,0.10059535674639603,0.21212121212121213,0.06999999999999999,0.0,0.0,0.21212121212121213,1.0,0.35,7,0.0,0.0,0.0,9,0.0,0.0,0.0,5,0.0,0.0,0.0,6,0.0,0.0,0.0,6,1.7325626172200599,False
27,9.313497509750425e-05,0.8955223880597015,0.9007751937984496,0.866076527698458,0.9380694572824508,0.75,0.9473684210526315,0.8372093023255814,19,0.875,0.5384615384615384,0.6666666666666666,13,1.0,1.0,1.0,9,1.0,1.0,1.0,15,1.0,1.0,1.0,11,0.0909953487786784,0.5757575757575758,0.5272960372960374,0.46712802768166095,0.7308868501529051,0.5384615384615384,1.0,0.7,7,0.5,0.2222222222222222,0.3076923076923077,9,1.0,0.2,0.3333333333333333,5,0.6,0.5,0.5454545454545454,6,0.6,1.0,0.75,6,0.44279069509639435,True
28,9.241284786180008e-05,0.8955223880597015,0.9007751937984496,0.866076527698458,0.9380694572824508,0.75,0.9473684210526315,0.8372093023255814,19,0.875,0.5384615384615384,0.6666666666666666,13,1.0,1.0,1.0,9,1.0,1.0,1.0,15,1.0,1.0,1.0,11,0.0869922233384047,0.2727272727272727,0.1663157894736842,0.02941176470588236,0.141263940520446,0.5,0.8571428571428571,0.631578947368421,7,0.14285714285714285,0.3333333333333333,0.2,9,0.0,0.0,0.0,5,0.0,0.0,0.0,6,0.0,0.0,0.0,6,2.314700545686664,False
29,9.165774580897601e-05,0.9104477611940298,0.9127272727272727,0.8850114416475973,0.9471191791633781,0.76,1.0,0.8636363636363636,19,1.0,0.5384615384615384,0.7,13,1.0,1.0,1.0,9,1.0,1.0,1.0,15,1.0,1.0,1.0,11,0.07733610454779952,0.5757575757575758,0.4794382088499736,0.4627906976744186,0.7096774193548387,0.0,0.0,0.0,7,0.5384615384615384,0.7777777777777778,0.6363636363636364,9,0.625,1.0,0.7692307692307693,5,1.0,0.16666666666666666,0.2857142857142857,6,0.5454545454545454,1.0,0.7058823529411765,6,0.7351013144680458,False
30,9.087026301348339e-05,0.9701492537313433,0.9733333333333334,0.9619318181818182,0.9820999198503874,0.9047619047619048,1.0,0.95,19,1.0,0.8461538461538461,0.9166666666666666,13,1.0,1.0,1.0,9,1.0,1.0,1.0,15,1.0,1.0,1.0,11,0.08055204004049302,0.5454545454545454,0.5268331668331669,0.42641946697566635,0.7311243889190657,0.4666666666666667,1.0,0.6363636363636364,7,0.2,0.1111111111111111,0.14285714285714285,9,0.5,0.2,0.2857142857142857,5,0.7142857142857143,0.8333333333333334,0.7692307692307693,6,1.0,0.6666666666666666,0.8,6,0.7319074045118847,False
31,9.005101902523334e-05,0.9701492537313433,0.9733333333333334,0.9619318181818182,0.9820999198503874,0.9047619047619048,1.0,0.95,19,1.0,0.8461538461538461,0.9166666666666666,13,1.0,1.0,1.0,9,1.0,1.0,1.0,15,1.0,1.0,1.0,11,0.06750377126371683,0.18181818181818182,0.1,-2.220446049250313e-16,0.08875739644970415,0.0,0.0,0.0,7,0.0,0.0,0.0,9,0.0,0.0,0.0,5,0.0,0.0,0.0,6,0.3333333333333333,1.0,0.5,6,4.418759863058368,False
32,8.92006583821675e-05,0.9850746268656716,0.9868717948717949,0.9809982983550766,0.9910151535470029,0.95,1.0,0.9743589743589743,19,1.0,0.9230769230769231,0.96,13,1.0,1.0,1.0,9,1.0,1.0,1.0,15,1.0,1.0,1.0,11,0.07156550768596023,0.21212121212121213,0.08235294117647059,-0.0058616647127784915,0.09968520461699892,0.25925925925925924,1.0,0.4117647058823529,7,0.0,0.0,0.0,9,0.0,0.0,0.0,5,0.0,0.0,0.0,6,0.0,0.0,0.0,6,1.6749132925964365,False
33,8.831985010316959e-05,1.0,1.0,1.0,1.0,1.0,1.0,1.0,19,1.0,1.0,1.0,13,1.0,1.0,1.0,9,1.0,1.0,1.0,15,1.0,1.0,1.0,11,0.055048599789169296,0.18181818181818182,0.06153846153846154,0.0,0.0,0.0,0.0,0.0,7,0.0,0.0,0.0,9,0.0,0.0,0.0,5,0.0,0.0,0.0,6,0.18181818181818182,1.0,0.3076923076923077,6,4.381093971749457,False
34,8.74092871617167e-05,0.9850746268656716,0.9868717948717949,0.9809982983550766,0.9910151535470029,0.95,1.0,0.9743589743589743,19,1.0,0.9230769230769231,0.96,13,1.0,1.0,1.0,9,1.0,1.0,1.0,15,1.0,1.0,1.0,11,0.047976545578063426,0.18181818181818182,0.13879310344827586,0.0,0.11290322580645151,0.0,0.0,0.0,7,0.0,0.0,0.0,9,0.0,0.0,0.0,5,0.043478260869565216,0.16666666666666666,0.06896551724137931,6,0.5,0.8333333333333334,0.625,6,3.7090309796610264,False
35,8.646968594068435e-05,1.0,1.0,1.0,1.0,1.0,1.0,1.0,19,1.0,1.0,1.0,13,1.0,1.0,1.0,9,1.0,1.0,1.0,15,1.0,1.0,1.0,11,0.0442907586415757,0.3939393939393939,0.3307142857142857,0.25759280089988745,0.486815415821501,0.0,0.0,0.0,7,0.3333333333333333,0.2222222222222222,0.26666666666666666,9,0.3125,1.0,0.47619047619047616,5,0.5,0.8333333333333334,0.625,6,1.0,0.16666666666666666,0.2857142857142857,6,1.59018069454751,False
36,8.550178566873411e-05,1.0,1.0,1.0,1.0,1.0,1.0,1.0,19,1.0,1.0,1.0,13,1.0,1.0,1.0,9,1.0,1.0,1.0,15,1.0,1.0,1.0,11,0.04035796446086311,0.24242424242424243,0.13626373626373628,0.04513888888888884,0.3234624145785877,0.3684210526315789,1.0,0.5384615384615384,7,0.2,0.1111111111111111,0.14285714285714285,9,0.0,0.0,0.0,5,0.0,0.0,0.0,6,0.0,0.0,0.0,6,2.4802556652349956,False
37,8.450634783872766e-05,1.0,1.0,1.0,1.0,1.0,1.0,1.0,19,1.0,1.0,1.0,13,1.0,1.0,1.0,9,1.0,1.0,1.0,15,1.0,1.0,1.0,11,0.03861359827943257,0.36363636363636365,0.226007326007326,0.17598097502972654,0.5170731707317073,0.0,0.0,0.0,7,0.47368421052631576,1.0,0.6428571428571429,9,0.2857142857142857,0.4,0.3333333333333333,5,0.14285714285714285,0.16666666666666666,0.15384615384615385,6,0.0,0.0,0.0,6,1.3741689911018116,False
38,8.348415560862421e-05,1.0,1.0,1.0,1.0,1.0,1.0,1.0,19,1.0,1.0,1.0,13,1.0,1.0,1.0,9,1.0,1.0,1.0,15,1.0,1.0,1.0,11,0.035188601983349714,0.21212121212121213,0.07777777777777778,0.004640371229698403,0.07859358841778696,0.2413793103448276,1.0,0.3888888888888889,7,0.0,0.0,0.0,9,0.0,0.0,0.0,5,0.0,0.0,0.0,6,0.0,0.0,0.0,6,2.4346528311645743,False
39,8.243601318533337e-05,1.0,1.0,1.0,1.0,1.0,1.0,1.0,19,1.0,1.0,1.0,13,1.0,1.0,1.0,9,1.0,1.0,1.0,15,1.0,1.0,1.0,11,0.03484597652038531,0.18181818181818182,0.07741935483870968,0.0,0.044137931034482714,0.0,0.0,0.0,7,0.0,0.0,0.0,9,0.0,0.0,0.0,5,0.0,0.0,0.0,6,0.24,1.0,0.3870967741935484,6,4.058194975829871,False
40,8.136274519200734e-05,1.0,1.0,1.0,1.0,1.0,1.0,1.0,19,1.0,1.0,1.0,13,1.0,1.0,1.0,9,1.0,1.0,1.0,15,1.0,1.0,1.0,11,0.033195214293229934,0.21212121212121213,0.06999999999999999,0.0,0.0,0.21212121212121213,1.0,0.35,7,0.0,0.0,0.0,9,0.0,0.0,0.0,5,0.0,0.0,0.0,6,0.0,0.0,0.0,6,2.6618118033716174,False
41,8.026519601927112e-05,1.0,1.0,1.0,1.0,1.0,1.0,1.0,19,1.0,1.0,1.0,13,1.0,1.0,1.0,9,1.0,1.0,1.0,15,1.0,1.0,1.0,11,0.021163663263919195,0.45454545454545453,0.3432234432234432,0.3003533568904594,0.5914718019257221,0.0,0.0,0.0,7,0.5294117647058824,1.0,0.6923076923076923,9,0.4444444444444444,0.8,0.5714285714285714,5,0.16666666666666666,0.16666666666666666,0.16666666666666666,6,1.0,0.16666666666666666,0.2857142857142857,6,1.424253304986221,False
42,7.914422916090042e-05,1.0,1.0,1.0,1.0,1.0,1.0,1.0,19,1.0,1.0,1.0,13,1.0,1.0,1.0,9,1.0,1.0,1.0,15,1.0,1.0,1.0,11,0.027352112633829462,0.48484848484848486,0.4431746031746031,0.35219399538106233,0.679245283018868,0.5,1.0,0.6666666666666666,7,0.4,0.2222222222222222,0.2857142857142857,9,0.5,0.4,0.4444444444444444,5,0.4444444444444444,0.6666666666666666,0.5333333333333333,6,1.0,0.16666666666666666,0.2857142857142857,6,1.20707399594701,False
43,7.800072653447035e-05,1.0,1.0,1.0,1.0,1.0,1.0,1.0,19,1.0,1.0,1.0,13,1.0,1.0,1.0,9,1.0,1.0,1.0,15,1.0,1.0,1.0,11,0.02424279128951924,0.2727272727272727,0.20238095238095238,0.08439306358381515,0.47619047619047616,0.4117647058823529,1.0,0.5833333333333334,7,0.2,0.1111111111111111,0.14285714285714285,9,0.0,0.0,0.0,5,0.0,0.0,0.0,6,1.0,0.16666666666666666,0.2857142857142857,6,2.728565799034756,False
44,7.68355877875092e-05,1.0,1.0,1.0,1.0,1.0,1.0,1.0,19,1.0,1.0,1.0,13,1.0,1.0,1.0,9,1.0,1.0,1.0,15,1.0,1.0,1.0,11,0.02428299208977885,0.2727272727272727,0.1894736842105263,0.07259953161592503,0.5021122510561256,0.5,0.8571428571428571,0.631578947368421,7,0.3,0.3333333333333333,0.3157894736842105,9,0.0,0.0,0.0,5,0.0,0.0,0.0,6,0.0,0.0,0.0,6,2.1001829823940015,False
45,7.564972958970323e-05,1.0,1.0,1.0,1.0,1.0,1.0,1.0,19,1.0,1.0,1.0,13,1.0,1.0,1.0,9,1.0,1.0,1.0,15,1.0,1.0,1.0,11,0.01342645922029363,0.36363636363636365,0.2761904761904762,0.19042056074766345,0.5137732222934016,0.625,0.7142857142857143,0.6666666666666666,7,0.5,0.6666666666666666,0.5714285714285714,9,0.1111111111111111,0.2,0.14285714285714285,5,0.0,0.0,0.0,6,0.0,0.0,0.0,6,1.8250544879867723,False
46,7.44440849117094e-05,1.0,1.0,1.0,1.0,1.0,1.0,1.0,19,1.0,1.0,1.0,13,1.0,1.0,1.0,9,1.0,1.0,1.0,15,1.0,1.0,1.0,11,0.015061471685975679,0.5151515151515151,0.3895962732919255,0.3846153846153846,0.6149622512010982,0.0,0.0,0.0,7,0.5,0.7777777777777778,0.6086956521739131,9,0.5555555555555556,1.0,0.7142857142857143,5,0.5,0.8333333333333334,0.625,6,0.0,0.0,0.0,6,1.7558321330629318,False
47,7.321960229114314e-05,1.0,1.0,1.0,1.0,1.0,1.0,1.0,19,1.0,1.0,1.0,13,1.0,1.0,1.0,9,1.0,1.0,1.0,15,1.0,1.0,1.0,11,0.014609512104305314,0.45454545454545453,0.3488095238095238,0.3068844807467911,0.5909090909090908,0.0,0.0,0.0,7,0.5333333333333333,0.8888888888888888,0.6666666666666666,9,0.45454545454545453,1.0,0.625,5,0.16666666666666666,0.16666666666666666,0.16666666666666666,6,1.0,0.16666666666666666,0.2857142857142857,6,1.8495500697082878,False
48,7.197724508631915e-05,1.0,1.0,1.0,1.0,1.0,1.0,1.0,19,1.0,1.0,1.0,13,1.0,1.0,1.0,9,1.0,1.0,1.0,15,1.0,1.0,1.0,11,0.014823958188740174,0.42424242424242425,0.3723475355054302,0.281786941580756,0.5497076023391814,0.0,0.0,0.0,7,0.4444444444444444,0.4444444444444444,0.4444444444444444,9,0.2222222222222222,0.4,0.2857142857142857,5,0.46153846153846156,1.0,0.631578947368421,6,1.0,0.3333333333333333,0.5,6,1.7322736129657108,False
49,7.071799071833184e-05,1.0,1.0,1.0,1.0,1.0,1.0,1.0,19,1.0,1.0,1.0,13,1.0,1.0,1.0,9,1.0,1.0,1.0,15,1.0,1.0,1.0,11,0.014369797691313633,0.30303030303030304,0.17714285714285713,0.09101796407185636,0.45000000000000007,0.0,0.0,0.0,7,0.42857142857142855,1.0,0.6,9,0.0,0.0,0.0,5,0.0,0.0,0.0,6,1.0,0.16666666666666666,0.2857142857142857,6,2.4941952245625094,False
50,6.944282990207198e-05,1.0,1.0,1.0,1.0,1.0,1.0,1.0,19,1.0,1.0,1.0,13,1.0,1.0,1.0,9,1.0,1.0,1.0,15,1.0,1.0,1.0,11,0.01313030891912753,0.6666666666666666,0.6151515151515151,0.5683709869203329,0.7695238095238095,0.0,0.0,0.0,7,0.5,1.0,0.6666666666666666,9,0.75,0.6,0.6666666666666666,5,0.8333333333333334,0.8333333333333334,0.8333333333333334,6,1.0,0.8333333333333334,0.9090909090909091,6,1.3319682966254391,True
51,6.815276586678452e-05,1.0,1.0,1.0,1.0,1.0,1.0,1.0,19,1.0,1.0,1.0,13,1.0,1.0,1.0,9,1.0,1.0,1.0,15,1.0,1.0,1.0,11,0.014679075739652252,0.36363636363636365,0.2772549019607843,0.2133938706015891,0.45827633378932975,0.0,0.0,0.0,7,0.375,0.3333333333333333,0.35294117647058826,9,0.3333333333333333,1.0,0.5,5,0.4444444444444444,0.6666666666666666,0.5333333333333333,6,0.0,0.0,0.0,6,2.255229518197317,False
52,6.68488135667808e-05,1.0,1.0,1.0,1.0,1.0,1.0,1.0,19,1.0,1.0,1.0,13,1.0,1.0,1.0,9,1.0,1.0,1.0,15,1.0,1.0,1.0,11,0.011538695575975215,0.45454545454545453,0.37568901686548745,0.31487889273356395,0.6617312072892939,0.4666666666666667,1.0,0.6363636363636364,7,0.25,0.1111111111111111,0.15384615384615385,9,0.6666666666666666,0.4,0.5,5,0.45454545454545453,0.8333333333333334,0.5882352941176471,6,0.0,0.0,0.0,6,1.5936507104397422,False
53,6.553199888292595e-05,1.0,1.0,1.0,1.0,1.0,1.0,1.0,19,1.0,1.0,1.0,13,1.0,1.0,1.0,9,1.0,1.0,1.0,15,1.0,1.0,1.0,11,0.01217707890787843,0.5454545454545454,0.4510822510822511,0.4237485448195576,0.648936170212766,0.0,0.0,0.0,7,0.5384615384615384,0.7777777777777778,0.6363636363636364,9,0.5714285714285714,0.8,0.6666666666666666,5,0.5,1.0,0.6666666666666666,6,1.0,0.16666666666666666,0.2857142857142857,6,1.99258489565275,False
54,6.420335781553006e-05,1.0,1.0,1.0,1.0,1.0,1.0,1.0,19,1.0,1.0,1.0,13,1.0,1.0,1.0,9,1.0,1.0,1.0,15,1.0,1.0,1.0,11,0.008628483433728176,0.3939393939393939,0.31831932773109245,0.27312775330396477,0.39919082939986517,0.0,0.0,0.0,7,1.0,0.1111111111111111,0.2,9,0.25,1.0,0.4,5,0.5454545454545454,1.0,0.7058823529411765,6,1.0,0.16666666666666666,0.2857142857142857,6,3.612516385902214,False
55,6.286393566927776e-05,1.0,1.0,1.0,1.0,1.0,1.0,1.0,19,1.0,1.0,1.0,13,1.0,1.0,1.0,9,1.0,1.0,1.0,15,1.0,1.0,1.0,11,0.004864217599362149,0.42424242424242425,0.4004761904761905,0.301781737193764,0.49425287356321834,0.0,0.0,0.0,7,0.3333333333333333,0.1111111111111111,0.16666666666666666,9,0.1875,0.6,0.2857142857142857,5,0.6,1.0,0.75,6,1.0,0.6666666666666666,0.8,6,3.4624064671625168,False
56,6.151478623083759e-05,1.0,1.0,1.0,1.0,1.0,1.0,1.0,19,1.0,1.0,1.0,13,1.0,1.0,1.0,9,1.0,1.0,1.0,15,1.0,1.0,1.0,11,0.008045276127401184,0.36363636363636365,0.2217391304347826,0.19791666666666663,0.4590163934426229,0.0,0.0,0.0,7,0.5,0.7777777777777778,0.6086956521739131,9,0.3333333333333333,1.0,0.5,5,0.0,0.0,0.0,6,0.0,0.0,0.0,6,2.4320726783564277,False
57,6.015697093979839e-05,1.0,1.0,1.0,1.0,1.0,1.0,1.0,19,1.0,1.0,1.0,13,1.0,1.0,1.0,9,1.0,1.0,1.0,15,1.0,1.0,1.0,11,0.007604244423234391,0.2727272727272727,0.24,0.1258278145695364,0.31894934333958724,0.0,0.0,0.0,7,0.0,0.0,0.0,9,0.0,0.0,0.0,5,0.42857142857142855,1.0,0.6,6,0.75,0.5,0.6,6,5.156402768200874,False
58,5.879155805358448e-05,1.0,1.0,1.0,1.0,1.0,1.0,1.0,19,1.0,1.0,1.0,13,1.0,1.0,1.0,9,1.0,1.0,1.0,15,1.0,1.0,1.0,11,0.00874012227156269,0.5454545454545454,0.4977489177489177,0.4217289719626168,0.6779440468445023,0.3333333333333333,0.14285714285714285,0.2,7,0.5384615384615384,0.7777777777777778,0.6363636363636364,9,0.7142857142857143,1.0,0.8333333333333334,5,0.4444444444444444,0.6666666666666666,0.5333333333333333,6,1.0,0.16666666666666666,0.2857142857142857,6,1.5735985205719845,False
59,5.741962180700726e-05,1.0,1.0,1.0,1.0,1.0,1.0,1.0,19,1.0,1.0,1.0,13,1.0,1.0,1.0,9,1.0,1.0,1.0,15,1.0,1.0,1.0,11,0.0067393429685947,0.24242424242424243,0.12893772893772892,0.03958090803259606,0.0701927829955511,0.21875,1.0,0.358974358974359,7,0.0,0.0,0.0,9,0.0,0.0,0.0,5,0.0,0.0,0.0,6,1.0,0.16666666666666666,0.2857142857142857,6,4.06811153859575,False
60,5.6042241567113755e-05,1.0,1.0,1.0,1.0,1.0,1.0,1.0,19,1.0,1.0,1.0,13,1.0,1.0,1.0,9,1.0,1.0,1.0,15,1.0,1.0,1.0,11,0.008797740592506589,0.48484848484848486,0.36745341614906835,0.3588571428571429,0.7215880893300248,0.4375,1.0,0.6086956521739131,7,0.0,0.0,0.0,9,0.0,0.0,0.0,5,0.375,0.5,0.42857142857142855,6,0.6666666666666666,1.0,0.8,6,1.3113341003245407,False
61,5.4660500983997785e-05,1.0,1.0,1.0,1.0,1.0,1.0,1.0,19,1.0,1.0,1.0,13,1.0,1.0,1.0,9,1.0,1.0,1.0,15,1.0,1.0,1.0,11,0.005758624497728088,0.696969696969697,0.7176470588235293,0.6198156682027649,0.822198275862069,0.5,0.7142857142857143,0.5882352941176471,7,0.6666666666666666,0.4444444444444444,0.5333333333333333,9,1.0,1.0,1.0,5,1.0,0.5,0.6666666666666666,6,0.6666666666666666,1.0,0.8,6,0.8944739659264234,True
62,5.327548713824102e-05,1.0,1.0,1.0,1.0,1.0,1.0,1.0,19,1.0,1.0,1.0,13,1.0,1.0,1.0,9,1.0,1.0,1.0,15,1.0,1.0,1.0,11,0.006528816806281041,0.6666666666666666,0.6198343685300207,0.5759345794392523,0.7671584348941629,0.0,0.0,0.0,7,0.5,0.7777777777777778,0.6086956521739131,9,0.7142857142857143,1.0,0.8333333333333334,5,0.75,1.0,0.8571428571428571,6,1.0,0.6666666666666666,0.8,6,1.8586841559942044,False
63,5.1888289685655545e-05,1.0,1.0,1.0,1.0,1.0,1.0,1.0,19,1.0,1.0,1.0,13,1.0,1.0,1.0,9,1.0,1.0,1.0,15,1.0,1.0,1.0,11,0.009240683914664368,0.42424242424242425,0.35736263736263735,0.270081490104773,0.5998723675813656,0.5714285714285714,0.5714285714285714,0.5714285714285714,7,0.5454545454545454,0.6666666666666666,0.6,9,0.375,0.6,0.46153846153846156,5,0.14285714285714285,0.16666666666666666,0.15384615384615385,6,0.0,0.0,0.0,6,1.6755955388241228,False
64,5.050000000000003e-05,1.0,1.0,1.0,1.0,1.0,1.0,1.0,19,1.0,1.0,1.0,13,1.0,1.0,1.0,9,1.0,1.0,1.0,15,1.0,1.0,1.0,11,0.004068831068293344,0.45454545454545453,0.4024509803921569,0.3234624145785877,0.5467625899280576,0.0,0.0,0.0,7,0.5,0.4444444444444444,0.47058823529411764,9,0.2727272727272727,0.6,0.375,5,0.5,1.0,0.6666666666666666,6,1.0,0.3333333333333333,0.5,6,3.041982328412512,False
65,4.911171031434452e-05,1.0,1.0,1.0,1.0,1.0,1.0,1.0,19,1.0,1.0,1.0,13,1.0,1.0,1.0,9,1.0,1.0,1.0,15,1.0,1.0,1.0,11,0.004213627415371245,0.2727272727272727,0.1847086247086247,0.08227114716106598,0.5400696864111498,0.4666666666666667,1.0,0.6363636363636364,7,0.16666666666666666,0.1111111111111111,0.13333333333333333,9,0.0,0.0,0.0,5,0.14285714285714285,0.16666666666666666,0.15384615384615385,6,0.0,0.0,0.0,6,2.975311770861218,False
66,4.7724512861759035e-05,1.0,1.0,1.0,1.0,1.0,1.0,1.0,19,1.0,1.0,1.0,13,1.0,1.0,1.0,9,1.0,1.0,1.0,15,1.0,1.0,1.0,11,0.00551710209883958,0.2727272727272727,0.2054682159945318,0.07042253521126751,0.3795534665099882,0.4666666666666667,1.0,0.6363636363636364,7,0.1,0.1111111111111111,0.10526315789473684,9,0.0,0.0,0.0,5,0.0,0.0,0.0,6,1.0,0.16666666666666666,0.2857142857142857,6,4.573026192884021,False
67,4.633949901600227e-05,1.0,1.0,1.0,1.0,1.0,1.0,1.0,19,1.0,1.0,1.0,13,1.0,1.0,1.0,9,1.0,1.0,1.0,15,1.0,1.0,1.0,11,0.0036040378885418387,0.24242424242424243,0.13626373626373628,0.044032444959443806,0.34560906515580736,0.3684210526315789,1.0,0.5384615384615384,7,0.2,0.1111111111111111,0.14285714285714285,9,0.0,0.0,0.0,5,0.0,0.0,0.0,6,0.0,0.0,0.0,6,4.523547138704732,False
68,4.4957758432886295e-05,1.0,1.0,1.0,1.0,1.0,1.0,1.0,19,1.0,1.0,1.0,13,1.0,1.0,1.0,9,1.0,1.0,1.0,15,1.0,1.0,1.0,11,0.003141670632601799,0.6060606060606061,0.5836007130124777,0.5113895216400912,0.7320185614849188,0.6,0.8571428571428571,0.7058823529411765,7,1.0,0.3333333333333333,0.5,9,0.5,0.6,0.5454545454545454,5,0.5,1.0,0.6666666666666666,6,1.0,0.3333333333333333,0.5,6,1.7847997031814489,False
69,4.3580378192992805e-05,1.0,1.0,1.0,1.0,1.0,1.0,1.0,19,1.0,1.0,1.0,13,1.0,1.0,1.0,9,1.0,1.0,1.0,15,1.0,1.0,1.0,11,0.004284735640107807,0.3939393939393939,0.329046881910659,0.2517006802721088,0.4963503649635037,0.0,0.0,0.0,7,0.42857142857142855,0.3333333333333333,0.375,9,0.25,0.6,0.35294117647058826,5,0.46153846153846156,1.0,0.631578947368421,6,1.0,0.16666666666666666,0.2857142857142857,6,3.230720526951748,False
70,4.220844194641557e-05,1.0,1.0,1.0,1.0,1.0,1.0,1.0,19,1.0,1.0,1.0,13,1.0,1.0,1.0,9,1.0,1.0,1.0,15,1.0,1.0,1.0,11,0.006060394799052703,0.5151515151515151,0.4055384615384615,0.3802816901408451,0.6388508891928865,0.0,0.0,0.0,7,0.5625,1.0,0.72,9,0.5555555555555556,1.0,0.7142857142857143,5,0.2857142857142857,0.3333333333333333,0.3076923076923077,6,1.0,0.16666666666666666,0.2857142857142857,6,1.872825018695921,False
71,4.0843029060201675e-05,1.0,1.0,1.0,1.0,1.0,1.0,1.0,19,1.0,1.0,1.0,13,1.0,1.0,1.0,9,1.0,1.0,1.0,15,1.0,1.0,1.0,11,0.0036433336996549823,0.5454545454545454,0.5087481146304677,0.4368600682593857,0.6296758104738155,0.0,0.0,0.0,7,0.5,0.4444444444444444,0.47058823529411764,9,0.3333333333333333,0.8,0.47058823529411764,5,0.7142857142857143,0.8333333333333334,0.7692307692307693,6,0.8333333333333334,0.8333333333333334,0.8333333333333334,6,3.211627823175913,False
72,3.948521376916246e-05,1.0,1.0,1.0,1.0,1.0,1.0,1.0,19,1.0,1.0,1.0,13,1.0,1.0,1.0,9,1.0,1.0,1.0,15,1.0,1.0,1.0,11,0.0057712053528460395,0.6363636363636364,0.667929292929293,0.541135573580533,0.7780269058295964,0.45454545454545453,0.7142857142857143,0.5555555555555556,7,0.42857142857142855,0.3333333333333333,0.375,9,0.75,0.6,0.6666666666666666,5,0.8333333333333334,0.8333333333333334,0.8333333333333334,6,1.0,0.8333333333333334,0.9090909090909091,6,1.3214331069515084,False
73,3.813606433072229e-05,1.0,1.0,1.0,1.0,1.0,1.0,1.0,19,1.0,1.0,1.0,13,1.0,1.0,1.0,9,1.0,1.0,1.0,15,1.0,1.0,1.0,11,0.0024832951387784917,0.5454545454545454,0.5462155388471178,0.42307692307692313,0.7009063444108761,0.5,0.5714285714285714,0.5333333333333333,7,0.5,0.5555555555555556,0.5263157894736842,9,0.6,0.6,0.6,5,0.5,0.6666666666666666,0.5714285714285714,6,1.0,0.3333333333333333,0.5,6,1.5059412115894077,False
74,3.6796642184469974e-05,1.0,1.0,1.0,1.0,1.0,1.0,1.0,19,1.0,1.0,1.0,13,1.0,1.0,1.0,9,1.0,1.0,1.0,15,1.0,1.0,1.0,11,0.005231109597683717,0.3333333333333333,0.2773892773892774,0.16262975778546718,0.5160239000543183,0.3684210526315789,1.0,0.5384615384615384,7,0.3333333333333333,0.1111111111111111,0.16666666666666666,9,0.0,0.0,0.0,5,0.2,0.16666666666666666,0.18181818181818182,6,1.0,0.3333333333333333,0.5,6,3.746748584606446,False
75,3.5468001117074085e-05,1.0,1.0,1.0,1.0,1.0,1.0,1.0,19,1.0,1.0,1.0,13,1.0,1.0,1.0,9,1.0,1.0,1.0,15,1.0,1.0,1.0,11,0.003041683689890075,0.7272727272727273,0.6815850815850816,0.6514084507042253,0.8121442125237192,0.0,0.0,0.0,7,0.5333333333333333,0.8888888888888888,0.6666666666666666,9,0.8333333333333334,1.0,0.9090909090909091,5,0.8571428571428571,1.0,0.9230769230769231,6,1.0,0.8333333333333334,0.9090909090909091,6,1.853033806674817,True
76,3.415118643321924e-05,1.0,1.0,1.0,1.0,1.0,1.0,1.0,19,1.0,1.0,1.0,13,1.0,1.0,1.0,9,1.0,1.0,1.0,15,1.0,1.0,1.0,11,0.00865758820528116,0.30303030303030304,0.19411764705882353,0.12958715596330272,0.3981240229286087,0.0,0.0,0.0,7,0.5,0.4444444444444444,0.47058823529411764,9,0.0,0.0,0.0,5,0.0,0.0,0.0,6,0.3333333333333333,1.0,0.5,6,4.436797828596302,False
77,3.284723413321552e-05,1.0,1.0,1.0,1.0,1.0,1.0,1.0,19,1.0,1.0,1.0,13,1.0,1.0,1.0,9,1.0,1.0,1.0,15,1.0,1.0,1.0,11,0.003143555336445483,0.36363636363636365,0.3196969696969697,0.19512195121951215,0.602865329512894,0.5,1.0,0.6666666666666666,7,0.2857142857142857,0.2222222222222222,0.25,9,0.0,0.0,0.0,5,0.2,0.16666666666666666,0.18181818181818182,6,1.0,0.3333333333333333,0.5,6,2.752915129649526,False
78,3.155717009792807e-05,1.0,1.0,1.0,1.0,1.0,1.0,1.0,19,1.0,1.0,1.0,13,1.0,1.0,1.0,9,1.0,1.0,1.0,15,1.0,1.0,1.0,11,0.002062394043757344,0.36363636363636365,0.32727272727272727,0.19698725376593273,0.611764705882353,0.4666666666666667,1.0,0.6363636363636364,7,0.16666666666666666,0.1111111111111111,0.13333333333333333,9,0.0,0.0,0.0,5,0.25,0.16666666666666666,0.2,6,1.0,0.5,0.6666666666666666,6,2.9913550392756325,False
79,3.0282009281668207e-05,1.0,1.0,1.0,1.0,1.0,1.0,1.0,19,1.0,1.0,1.0,13,1.0,1.0,1.0,9,1.0,1.0,1.0,15,1.0,1.0,1.0,11,0.0021333297583623788,0.45454545454545453,0.4211764705882353,0.3295711060948082,0.5310077519379846,0.0,0.0,0.0,7,0.5,0.3333333333333333,0.4,9,0.23076923076923078,0.6,0.3333333333333333,5,0.5454545454545454,1.0,0.7058823529411765,6,1.0,0.5,0.6666666666666666,6,3.7487537118989,False
80,2.9022754913680884e-05,1.0,1.0,1.0,1.0,1.0,1.0,1.0,19,1.0,1.0,1.0,13,1.0,1.0,1.0,9,1.0,1.0,1.0,15,1.0,1.0,1.0,11,0.0033807714236031437,0.42424242424242425,0.38089910089910095,0.2784810126582279,0.6435474701534962,0.4666666666666667,1.0,0.6363636363636364,7,0.25,0.1111111111111111,0.15384615384615385,9,0.4,0.4,0.4,5,0.375,0.5,0.42857142857142855,6,1.0,0.16666666666666666,0.2857142857142857,6,2.6386502849733318,False
81,2.7780397708856907e-05,1.0,1.0,1.0,1.0,1.0,1.0,1.0,19,1.0,1.0,1.0,13,1.0,1.0,1.0,9,1.0,1.0,1.0,15,1.0,1.0,1.0,11,0.003385366917921859,0.696969696969697,0.7119568151147098,0.6215596330275229,0.8257655755015839,0.5,0.8571428571428571,0.631578947368421,7,0.75,0.3333333333333333,0.46153846153846156,9,1.0,1.0,1.0,5,1.0,0.5,0.6666666666666666,6,0.6666666666666666,1.0,0.8,6,1.2771251623296473,False
82,2.655591508829064e-05,1.0,1.0,1.0,1.0,1.0,1.0,1.0,19,1.0,1.0,1.0,13,1.0,1.0,1.0,9,1.0,1.0,1.0,15,1.0,1.0,1.0,11,0.0019357848587991504,0.5151515151515151,0.4131468531468531,0.39449541284403666,0.6455078125,0.3684210526315789,1.0,0.5384615384615384,7,0.0,0.0,0.0,9,0.0,0.0,0.0,5,0.8,0.6666666666666666,0.7272727272727273,6,0.6666666666666666,1.0,0.8,6,1.8548365383350494,False
83,2.5350270410296815e-05,1.0,1.0,1.0,1.0,1.0,1.0,1.0,19,1.0,1.0,1.0,13,1.0,1.0,1.0,9,1.0,1.0,1.0,15,1.0,1.0,1.0,11,0.0018996317068170477,0.7272727272727273,0.7169082125603865,0.6514084507042254,0.8190127970749543,0.5,0.14285714285714285,0.2222222222222222,7,0.5714285714285714,0.8888888888888888,0.6956521739130435,9,1.0,1.0,1.0,5,0.8333333333333334,0.8333333333333334,0.8333333333333334,6,0.8333333333333334,0.8333333333333334,0.8333333333333334,6,1.1745160792388951,False
84,2.4164412212490857e-05,1.0,1.0,1.0,1.0,1.0,1.0,1.0,19,1.0,1.0,1.0,13,1.0,1.0,1.0,9,1.0,1.0,1.0,15,1.0,1.0,1.0,11,0.003405542344713033,0.5454545454545454,0.45,0.4135071090047394,0.6845124282982792,0.0,0.0,0.0,7,0.5,1.0,0.6666666666666666,9,0.42857142857142855,0.6,0.5,5,0.5,0.16666666666666666,0.25,6,0.8333333333333334,0.8333333333333334,0.8333333333333334,6,2.226214696372453,False
85,2.29992734655297e-05,1.0,1.0,1.0,1.0,1.0,1.0,1.0,19,1.0,1.0,1.0,13,1.0,1.0,1.0,9,1.0,1.0,1.0,15,1.0,1.0,1.0,11,0.0022957813543999055,0.30303030303030304,0.2345321345321345,0.12858783008036734,0.5101704233095107,0.3684210526315789,1.0,0.5384615384615384,7,0.5,0.1111111111111111,0.18181818181818182,9,0.0,0.0,0.0,5,0.16666666666666666,0.16666666666666666,0.16666666666666666,6,1.0,0.16666666666666666,0.2857142857142857,6,3.9714429758887415,False
86,2.1855770839099626e-05,1.0,1.0,1.0,1.0,1.0,1.0,1.0,19,1.0,1.0,1.0,13,1.0,1.0,1.0,9,1.0,1.0,1.0,15,1.0,1.0,1.0,11,0.0016958960469025048,0.3333333333333333,0.28268398268398276,0.16262975778546707,0.5832376578645235,0.4666666666666667,1.0,0.6363636363636364,7,0.2,0.1111111111111111,0.14285714285714285,9,0.16666666666666666,0.2,0.18181818181818182,5,0.16666666666666666,0.16666666666666666,0.16666666666666666,6,1.0,0.16666666666666666,0.2857142857142857,6,3.167742341176405,False
87,2.0734803980728914e-05,1.0,1.0,1.0,1.0,1.0,1.0,1.0,19,1.0,1.0,1.0,13,1.0,1.0,1.0,9,1.0,1.0,1.0,15,1.0,1.0,1.0,11,0.0074314217289163445,0.5757575757575758,0.5567099567099567,0.4545454545454547,0.7230215827338129,0.5714285714285714,0.5714285714285714,0.5714285714285714,7,0.46153846153846156,0.6666666666666666,0.5454545454545454,9,0.5,0.2,0.2857142857142857,5,0.625,0.8333333333333334,0.7142857142857143,6,1.0,0.5,0.6666666666666666,6,1.5819593418286517,False
88,1.96372548079927e-05,1.0,1.0,1.0,1.0,1.0,1.0,1.0,19,1.0,1.0,1.0,13,1.0,1.0,1.0,9,1.0,1.0,1.0,15,1.0,1.0,1.0,11,0.002272186674333591,0.6363636363636364,0.6552631578947368,0.5373831775700935,0.7824175824175824,0.5,0.5714285714285714,0.5333333333333333,7,0.5,0.5555555555555556,0.5263157894736842,9,1.0,0.6,0.75,5,1.0,0.5,0.6666666666666666,6,0.6666666666666666,1.0,0.8,6,1.3884332890490279,False
89,1.8563986814666682e-05,1.0,1.0,1.0,1.0,1.0,1.0,1.0,19,1.0,1.0,1.0,13,1.0,1.0,1.0,9,1.0,1.0,1.0,15,1.0,1.0,1.0,11,0.00235607927419035,0.6060606060606061,0.6187878787878789,0.49706916764361087,0.7547169811320755,0.5,0.5714285714285714,0.5333333333333333,7,0.45454545454545453,0.5555555555555556,0.5,9,0.6666666666666666,0.4,0.5,5,0.8,0.6666666666666666,0.7272727272727273,6,0.8333333333333334,0.8333333333333334,0.8333333333333334,6,1.4237041377425326,False
90,1.751584439137581e-05,1.0,1.0,1.0,1.0,1.0,1.0,1.0,19,1.0,1.0,1.0,13,1.0,1.0,1.0,9,1.0,1.0,1.0,15,1.0,1.0,1.0,11,0.000831548587644756,0.696969696969697,0.7271794871794872,0.6193771626297577,0.7780269058295964,0.5,0.5714285714285714,0.5333333333333333,7,0.5714285714285714,0.4444444444444444,0.5,9,1.0,1.0,1.0,5,0.8333333333333334,0.8333333333333334,0.8333333333333334,6,0.7142857142857143,0.8333333333333334,0.7692307692307693,6,1.206660461594727,False
91,1.6493652161272372e-05,1.0,1.0,1.0,1.0,1.0,1.0,1.0,19,1.0,1.0,1.0,13,1.0,1.0,1.0,9,1.0,1.0,1.0,15,1.0,1.0,1.0,11,0.0017922486614157036,0.6060606060606061,0.5796425796425797,0.48989298454221164,0.7376146788990825,0.5,0.14285714285714285,0.2222222222222222,7,0.47058823529411764,0.8888888888888888,0.6153846153846154,9,0.6666666666666666,0.4,0.5,5,0.8,0.6666666666666666,0.7272727272727273,6,0.8333333333333334,0.8333333333333334,0.8333333333333334,6,1.623230008848223,False
92,1.5498214331265907e-05,1.0,1.0,1.0,1.0,1.0,1.0,1.0,19,1.0,1.0,1.0,13,1.0,1.0,1.0,9,1.0,1.0,1.0,15,1.0,1.0,1.0,11,0.0018519651609399737,0.6363636363636364,0.638961038961039,0.5421965317919075,0.7850162866449512,0.5,1.0,0.6666666666666666,7,0.4,0.2222222222222222,0.2857142857142857,9,0.6666666666666666,0.4,0.5,5,0.8333333333333334,0.8333333333333334,0.8333333333333334,6,1.0,0.8333333333333334,0.9090909090909091,6,1.7187718381395825,False
93,1.4530314059315666e-05,1.0,1.0,1.0,1.0,1.0,1.0,1.0,19,1.0,1.0,1.0,13,1.0,1.0,1.0,9,1.0,1.0,1.0,15,1.0,1.0,1.0,11,0.0010292636306388234,0.696969696969697,0.7262626262626263,0.6167247386759582,0.8088064889918887,0.5,0.5714285714285714,0.5333333333333333,7,0.5555555555555556,0.5555555555555556,0.5555555555555556,9,0.8,0.8,0.8,5,0.8333333333333334,0.8333333333333334,0.8333333333333334,6,1.0,0.8333333333333334,0.9090909090909091,6,1.2379966284375594,False
94,1.359071283828331e-05,1.0,1.0,1.0,1.0,1.0,1.0,1.0,19,1.0,1.0,1.0,13,1.0,1.0,1.0,9,1.0,1.0,1.0,15,1.0,1.0,1.0,11,0.002088306455269374,0.45454545454545453,0.3676190476190476,0.30930232558139525,0.606473594548552,0.0,0.0,0.0,7,0.5,0.6666666666666666,0.5714285714285714,9,0.4,0.4,0.4,5,0.25,0.16666666666666666,0.2,6,0.5,1.0,0.6666666666666666,6,3.4734727554244365,False
95,1.2680149896830448e-05,1.0,1.0,1.0,1.0,1.0,1.0,1.0,19,1.0,1.0,1.0,13,1.0,1.0,1.0,9,1.0,1.0,1.0,15,1.0,1.0,1.0,11,0.0011017159071995063,0.7272727272727273,0.7618584030348737,0.65625,0.8324873096446701,0.5,0.7142857142857143,0.5882352941176471,7,0.5714285714285714,0.4444444444444444,0.5,9,1.0,0.8,0.8888888888888888,5,0.8571428571428571,1.0,0.9230769230769231,6,1.0,0.8333333333333334,0.9090909090909091,6,1.221463833431385,False
96,1.1799341617832548e-05,1.0,1.0,1.0,1.0,1.0,1.0,1.0,19,1.0,1.0,1.0,13,1.0,1.0,1.0,9,1.0,1.0,1.0,15,1.0,1.0,1.0,11,0.0022672571732276882,0.7272727272727273,0.7511111111111111,0.6570438799076213,0.8361831218974076,0.5454545454545454,0.8571428571428571,0.6666666666666666,7,0.6666666666666666,0.4444444444444444,0.5333333333333333,9,1.0,0.8,0.8888888888888888,5,0.8333333333333334,0.8333333333333334,0.8333333333333334,6,0.8333333333333334,0.8333333333333334,0.8333333333333334,6,1.2129409964401345,False
97,1.0948980974766674e-05,1.0,1.0,1.0,1.0,1.0,1.0,1.0,19,1.0,1.0,1.0,13,1.0,1.0,1.0,9,1.0,1.0,1.0,15,1.0,1.0,1.0,11,0.0019975265738668975,0.7272727272727273,0.7493006993006993,0.6570438799076213,0.8345403899721449,0.5555555555555556,0.7142857142857143,0.625,7,0.7142857142857143,0.5555555555555556,0.625,9,1.0,1.0,1.0,5,0.8,0.6666666666666666,0.7272727272727273,6,0.7142857142857143,0.8333333333333334,0.7692307692307693,6,1.233663874378242,False
98,1.0129736986516628e-05,1.0,1.0,1.0,1.0,1.0,1.0,1.0,19,1.0,1.0,1.0,13,1.0,1.0,1.0,9,1.0,1.0,1.0,15,1.0,1.0,1.0,11,0.002117932363645779,0.5454545454545454,0.5357753357753358,0.4284064665127021,0.7236180904522613,0.5,1.0,0.6666666666666666,7,0.4,0.2222222222222222,0.2857142857142857,9,0.5,0.4,0.4444444444444444,5,0.5714285714285714,0.6666666666666666,0.6153846153846154,6,1.0,0.5,0.6666666666666666,6,2.214282811209667,False
99,9.342254191024028e-06,1.0,1.0,1.0,1.0,1.0,1.0,1.0,19,1.0,1.0,1.0,13,1.0,1.0,1.0,9,1.0,1.0,1.0,15,1.0,1.0,1.0,11,0.0022052499228687053,0.696969696969697,0.7231411862990811,0.619815668202765,0.8198689956331877,0.5,0.8571428571428571,0.631578947368421,7,0.6,0.3333333333333333,0.42857142857142855,9,1.0,0.8,0.8888888888888888,5,0.8333333333333334,0.8333333333333334,0.8333333333333334,6,0.8333333333333334,0.8333333333333334,0.8333333333333334,6,1.239605993693908,False
100,8.58715213819994e-06,1.0,1.0,1.0,1.0,1.0,1.0,1.0,19,1.0,1.0,1.0,13,1.0,1.0,1.0,9,1.0,1.0,1.0,15,1.0,1.0,1.0,11,0.0006668865241639407,0.6666666666666666,0.6877443609022558,0.5798611111111112,0.8064,0.5,0.8571428571428571,0.631578947368421,7,0.5,0.3333333333333333,0.4,9,1.0,0.6,0.75,5,1.0,0.6666666666666666,0.8,6,0.75,1.0,0.8571428571428571,6,1.3872170859184996,False
